,Supplier_Lead_Time,Inventory_Levels,Order_Frequency,Delivery_Performance,Cost_Per_Unit
Supplier_Lead_Time,1.0,0.4013677765752884,-0.9168322899184296,-0.9059573193467786,0.959742981223268
Inventory_Levels,0.4013677765752884,1.0,-0.4041105637325026,-0.40728013765029975,0.41403374494971007
Order_Frequency,-0.9168322899184296,-0.4041105637325026,1.0,0.8322740892455716,-0.9015190701227761
Delivery_Performance,-0.9059573193467786,-0.40728013765029975,0.8322740892455716,1.0,-0.9004269528798995
Cost_Per_Unit,0.959742981223268,0.41403374494971007,-0.9015190701227761,-0.9004269528798995,1.0
